Workbook

Sheet FB
A1: Date | B1: Open | C1: High | D1: Low | E1: Close | F1: Adj Close | G1: Volume
A2: 41641 | B2: 54.830002 | C2: 55.220001 | D2: 54.189999 | E2: 54.709999 | F2: 54.709999 | G2: 43195500
A3: 41642 | B3: 55.02 | C3: 55.650002 | D3: 54.529999 | E3: 54.560001 | F3: 54.560001 | G3: 38246200 | H3: =F3/F2-1 -> -0.0027416926
A4: 41645 | B4: 54.419998 | C4: 57.259998 | D4: 54.049999 | E4: 57.200001 | F4: 57.200001 | G4: 68852600 | H4: =F4/F3-1 -> 0.048387096
A5: 41646 | B5: 57.700001 | C5: 58.549999 | D5: 57.220001 | E5: 57.919998 | F5: 57.919998 | G5: 77207400 | H5: =F5/F4-1 -> 0.01258736
A6: 41647 | B6: 57.599998 | C6: 58.41 | D6: 57.23 | E6: 58.23 | F6: 58.23 | G6: 56682400 | H6: =F6/F5-1 -> 0.0053522447
A7: 41648 | B7: 58.650002 | C7: 58.959999 | D7: 56.650002 | E7: 57.220001 | F7: 57.220001 | G7: 92253300 | H7: =F7/F6-1 -> -0.017344994
A8: 41649 | B8: 57.130001 | C8: 58.299999 | D8: 57.060001 | E8: 57.939999 | F8: 57.939999 | G8: 42449500 | H8: =F8/F7-1 -> 0.012582978
A9: 41652 | B9: 57.91 | C9: 58.25 | D9: 55.380001 | E9: 55.91 | F9: 55.91 | G9: 63010900 | H9: =F9/F8-1 -> -0.035036228
A10: 41653 | B10: 56.459999 | C10: 57.779999 | D10: 56.099998 | E10: 57.740002 | F10: 57.740002 | G10: 37503600 | H10: =F10/F9-1 -> 0.032731211
A11: 41654 | B11: 57.98 | C11: 58.57 | D11: 57.27 | E11: 57.599998 | F11: 57.599998 | G11: 33663400 | H11: =F11/F10-1 -> -0.0024247315
A12: 41655 | B12: 57.259998 | C12: 58.02 | D12: 56.830002 | E12: 57.189999 | F12: 57.189999 | G12: 34541800 | H12: =F12/F11-1 -> -0.0071180384
A13: 41656 | B13: 57.299999 | C13: 57.82 | D13: 56.07 | E13: 56.299999 | F13: 56.299999 | G13: 40849200 | H13: =F13/F12-1 -> -0.015562161
A14: 41660 | B14: 56.599998 | C14: 58.580002 | D14: 56.5 | E14: 58.509998 | F14: 58.509998 | G14: 48669200 | H14: =F14/F13-1 -> 0.039253979
... A1510: 43829 | B1510: 207.86 | C1510: 207.89999 | D1510: 203.89999 | E1510: 204.41 | F1510: 204.41 | G1510: 10524300 | H1510: =F1510/F1509-1 -> -0.017731869

Sheet AMZN
A1: Date | B1: Open | C1: High | D1: Low | E1: Close | F1: Adj Close | G1: Volume
A2: 41641 | B2: 398.79999 | C2: 399.35998 | D2: 394.01999 | E2: 397.97 | F2: 397.97 | G2: 2137800
A3: 41642 | B3: 398.29001 | C3: 402.70999 | D3: 396.22 | E3: 396.44 | F3: 396.44 | G3: 2210200 | H3: =F3/F2-1 -> -0.0038445084
A4: 41645 | B4: 395.85001 | C4: 397 | D4: 388.42001 | E4: 393.63 | F4: 393.63 | G4: 3170600 | H4: =F4/F3-1 -> -0.0070880763
A5: 41646 | B5: 395.04001 | C5: 398.47 | D5: 394.29001 | E5: 398.03 | F5: 398.03 | G5: 1916000 | H5: =F5/F4-1 -> 0.011177994
A6: 41647 | B6: 398.47 | C6: 403 | D6: 396.04001 | E6: 401.92001 | F6: 401.92001 | G6: 2316500 | H6: =F6/F5-1 -> 0.0097731679
A7: 41648 | B7: 403.70999 | C7: 406.89002 | D7: 398.44 | E7: 401.01001 | F7: 401.01001 | G7: 2103000 | H7: =F7/F6-1 -> -0.0022641396
A8: 41649 | B8: 402.53 | C8: 403.76001 | D8: 393.79999 | E8: 397.66 | F8: 397.66 | G8: 2679500 | H8: =F8/F7-1 -> -0.0083539211
A9: 41652 | B9: 397.98001 | C9: 399.78 | D9: 388.45001 | E9: 390.98001 | F9: 390.98001 | G9: 2844900 | H9: =F9/F8-1 -> -0.016798252
A10: 41653 | B10: 392.13 | C10: 398.63 | D10: 391.29001 | E10: 397.54001 | F10: 397.54001 | G10: 2340100 | H10: =F10/F9-1 -> 0.016778346
A11: 41654 | B11: 398.94 | C11: 399.31 | D11: 392.53 | E11: 395.87 | F11: 395.87 | G11: 2678300 | H11: =F11/F10-1 -> -0.0042008703
A12: 41655 | B12: 393.67999 | C12: 399.29001 | D12: 389.41 | E12: 395.79999 | F12: 395.79999 | G12: 2601200 | H12: =F12/F11-1 -> -0.00017684341
A13: 41656 | B13: 394.26001 | C13: 403.48999 | D13: 393.66 | E13: 399.60998 | F13: 399.60998 | G13: 4505100 | H13: =F13/F12-1 -> 0.0096260665
A14: 41660 | B14: 403 | C14: 407.79999 | D14: 401.60001 | E14: 407.04999 | F14: 407.04999 | G14: 3122100 | H14: =F14/F13-1 -> 0.018618161
... A1510: 43829 | B1510: 1874 | C1510: 1884 | D1510: 1840.62 | E1510: 1846.89 | F1510: 1846.89 | G1510: 3674700 | H1510: =F1510/F1509-1 -> -0.012252665

Sheet AAPL
A1: Date | B1: Open | C1: High | D1: Low | E1: Close | F1: Adj Close | G1: Volume
A2: 41641 | B2: 79.382858 | C2: 79.575714 | D2: 78.860001 | E2: 79.01857 | F2: 70.74733 | G2: 58671200
A3: 41642 | B3: 78.980003 | C3: 79.099998 | D3: 77.204285 | E3: 77.28286 | F3: 69.193306 | G3: 98116900 | H3: =F3/F2-1 -> -0.021965832
A4: 41645 | B4: 76.778572 | C4: 78.114288 | D4: 76.228569 | E4: 77.704285 | F4: 69.570625 | G4: 103152700 | H4: =F4/F3-1 -> 0.0054531142
A5: 41646 | B5: 77.760002 | C5: 77.994286 | D5: 76.845711 | E5: 77.148575 | F5: 69.073074 | G5: 79302300 | H5: =F5/F4-1 -> -0.0071517397
A6: 41647 | B6: 76.972855 | C6: 77.937141 | D6: 76.955711 | E6: 77.637146 | F6: 69.510536 | G6: 64632400 | H6: =F6/F5-1 -> 0.0063333217
A7: 41648 | B7: 78.114288 | C7: 78.122856 | D7: 76.478569 | E7: 76.645714 | F7: 68.622864 | G7: 69787200 | H7: =F7/F6-1 -> -0.012770323
A8: 41649 | B8: 77.118568 | C8: 77.257141 | D8: 75.872856 | E8: 76.134285 | F8: 68.164963 | G8: 76244000 | H8: =F8/F7-1 -> -0.0066727177
A9: 41652 | B9: 75.701431 | C9: 77.5 | D9: 75.697144 | E9: 76.53286 | F9: 68.521805 | G9: 94623200 | H9: =F9/F8-1 -> 0.0052349768
A10: 41653 | B10: 76.888573 | C10: 78.104286 | D10: 76.808571 | E10: 78.055717 | F10: 69.885277 | G10: 83140400 | H10: =F10/F9-1 -> 0.019898367
A11: 41654 | B11: 79.074287 | C11: 80.028572 | D11: 78.808571 | E11: 79.622856 | F11: 71.288383 | G11: 97909700 | H11: =F11/F10-1 -> 0.020077276
A12: 41655 | B12: 79.271431 | C12: 79.550003 | D12: 78.811432 | E12: 79.178574 | F12: 70.890602 | G12: 57319500 | H12: =F12/F11-1 -> -0.0055798853
A13: 41656 | B13: 78.78286 | C13: 78.867142 | D13: 77.128571 | E13: 77.238571 | F13: 69.153648 | G13: 106684900 | H13: =F13/F12-1 -> -0.024501894
A14: 41660 | B14: 77.284286 | C14: 78.581429 | D14: 77.202858 | E14: 78.438568 | F14: 70.228043 | G14: 82131700 | H14: =F14/F13-1 -> 0.015536346
... A1510: 43829 | B1510: 289.45999 | C1510: 292.69 | D1510: 285.22 | E1510: 291.51999 | F1510: 290.04462 | G1510: 36028600 | H1510: =F1510/F1509-1 -> 0.0059351588

Sheet NFLX
A1: Date | B1: Open | C1: High | D1: Low | E1: Close | F1: Adj Close | G1: Volume
A2: 41641 | B2: 52.401428 | C2: 52.511429 | D2: 51.542858 | E2: 51.831429 | F2: 51.831429 | G2: 12325600
A3: 41642 | B3: 52 | C3: 52.495716 | D3: 51.842857 | E3: 51.871429 | F3: 51.871429 | G3: 10817100 | H3: =F3/F2-1 -> 0.00077173253
A4: 41645 | B4: 51.889999 | C4: 52.044285 | D4: 50.475716 | E4: 51.367142 | F4: 51.367142 | G4: 15501500 | H4: =F4/F3-1 -> -0.0097218644
A5: 41646 | B5: 49.684284 | C5: 49.69857 | D5: 48.152859 | E5: 48.5 | F5: 48.5 | G5: 36167600 | H5: =F5/F4-1 -> -0.055816654
A6: 41647 | B6: 48.104286 | C6: 49.425713 | D6: 48.074287 | E6: 48.712856 | F6: 48.712856 | G6: 20001100 | H6: =F6/F5-1 -> 0.0043887835
A7: 41648 | B7: 48.824287 | C7: 49.139999 | D7: 47.857143 | E7: 48.150002 | F7: 48.150002 | G7: 17007200 | H7: =F7/F6-1 -> -0.011554527
A8: 41649 | B8: 48.295715 | C8: 48.377144 | D8: 47.218571 | E8: 47.44857 | F8: 47.44857 | G8: 16237900 | H8: =F8/F7-1 -> -0.014567642
A9: 41652 | B9: 47.304287 | C9: 49.810001 | D9: 47.304287 | E9: 48.115715 | F9: 48.115715 | G9: 27237000 | H9: =F9/F8-1 -> 0.014060382
A10: 41653 | B10: 48.777142 | C10: 48.799999 | D10: 47.509998 | E10: 48.279999 | F10: 48.279999 | G10: 19740000 | H10: =F10/F9-1 -> 0.0034143523
A11: 41654 | B11: 47.857143 | C11: 48.367142 | D11: 45.581429 | E11: 47.197144 | F11: 47.197144 | G11: 40432000 | H11: =F11/F10-1 -> -0.022428646
A12: 41655 | B12: 46.915714 | C12: 47.695713 | D12: 46.002857 | E12: 47.382858 | F12: 47.382858 | G12: 21135800 | H12: =F12/F11-1 -> 0.0039348567
A13: 41656 | B13: 47.438572 | C13: 47.831429 | D13: 46.89143 | E13: 47.148571 | F13: 47.148571 | G13: 16417100 | H13: =F13/F12-1 -> -0.0049445519
A14: 41660 | B14: 47.46143 | C14: 47.495716 | D14: 45.75 | E14: 46.958572 | F14: 46.958572 | G14: 25220300 | H14: =F14/F13-1 -> -0.0040297934
... A1510: 43829 | B1510: 329.07999 | C1510: 329.19 | D1510: 322.85998 | E1510: 323.31 | F1510: 323.31 | G1510: 4311500 | H1510: =F1510/F1509-1 -> -0.017563579

Sheet GOOG
A1: Date | B1: Open | C1: High | D1: Low | E1: Close | F1: Adj Close | G1: Volume
A2: 41641 | B2: 555.64728 | C2: 556.78802 | D2: 552.06073 | E2: 554.48169 | F2: 554.48169 | G2: 3656400
A3: 41642 | B3: 555.41815 | C3: 556.37958 | D3: 550.40198 | E3: 550.43683 | F3: 550.43683 | G3: 3345800 | H3: =F3/F2-1 -> -0.0072948486
A4: 41645 | B4: 554.42688 | C4: 557.34094 | D4: 551.15411 | E4: 556.57385 | F4: 556.57385 | G4: 3551800 | H4: =F4/F3-1 -> 0.01114937
A5: 41646 | B5: 560.39948 | C5: 567.71704 | D5: 558.48663 | E5: 567.30359 | F5: 567.30359 | G5: 5124300 | H5: =F5/F4-1 -> 0.019278189
A6: 41647 | B6: 570.86029 | C6: 571.51782 | D6: 564.52899 | E6: 568.48419 | F6: 568.48419 | G6: 4501700 | H6: =F6/F5-1 -> 0.002081078
A7: 41648 | B7: 569.58508 | C7: 569.97357 | D7: 560.67847 | E7: 563.00971 | F7: 563.00971 | G7: 4184500 | H7: =F7/F6-1 -> -0.0096299723
A8: 41649 | B8: 567.41321 | C8: 567.41321 | D8: 559.0296 | E8: 562.9798 | F8: 562.9798 | G8: 4302900 | H8: =F8/F7-1 -> -5.3121642e-05
A9: 41652 | B9: 561.13171 | C9: 571.3136 | D9: 556.49908 | E9: 559.39325 | F9: 559.39325 | G9: 4855800 | H9: =F9/F8-1 -> -0.0063706496
A10: 41653 | B10: 566.85028 | C10: 573.35095 | D10: 561.93872 | E10: 572.55395 | F10: 572.55395 | G10: 4983700 | H10: =F10/F9-1 -> 0.02352675
A11: 41654 | B11: 574.34222 | C11: 575.34344 | D11: 569.7594 | E11: 572.1654 | F11: 572.1654 | G11: 3915000 | H11: =F11/F10-1 -> -0.000678626
A12: 41655 | B12: 572.40448 | C12: 576.80298 | D12: 571.85657 | E12: 575.95117 | F12: 575.95117 | G12: 3380300 | H12: =F12/F11-1 -> 0.0066165605
A13: 41656 | B13: 576.26501 | C13: 578.14795 | D13: 569.96362 | E13: 573.11682 | F13: 573.11682 | G13: 5422800 | H13: =F13/F12-1 -> -0.0049211654
A14: 41660 | B14: 578.29742 | C14: 579.82666 | D14: 573.50037 | E14: 579.67725 | F14: 579.67725 | G14: 3974500 | H14: =F14/F13-1 -> 0.011446925
... A1510: 43829 | B1510: 1350 | C1510: 1353 | D1510: 1334.02 | E1510: 1336.14 | F1510: 1336.14 | G1510: 1050900 | H1510: =F1510/F1509-1 -> -0.011650356

Sheet Analysis
A1: Date | B1: FB | C1: AMZN | D1: AAPL | E1: NFLX | F1: GOOG
A2: 41642 | B2: =FB!H3 -> -0.0027416926 | C2: =AMZN!H3 -> -0.0038445084 | D2: =AAPL!H3 -> -0.021965832 | E2: =NFLX!H3 -> 0.00077173253 | F2: =GOOG!H3 -> -0.0072948486
A3: 41645 | B3: =FB!H4 -> 0.048387096 | C3: =AMZN!H4 -> -0.0070880763 | D3: =AAPL!H4 -> 0.0054531142 | E3: =NFLX!H4 -> -0.0097218644 | F3: =GOOG!H4 -> 0.01114937
A4: 41646 | B4: =FB!H5 -> 0.01258736 | C4: =AMZN!H5 -> 0.011177994 | D4: =AAPL!H5 -> -0.0071517397 | E4: =NFLX!H5 -> -0.055816654 | F4: =GOOG!H5 -> 0.019278189
A5: 41647 | B5: =FB!H6 -> 0.0053522447 | C5: =AMZN!H6 -> 0.0097731679 | D5: =AAPL!H6 -> 0.0063333217 | E5: =NFLX!H6 -> 0.0043887835 | F5: =GOOG!H6 -> 0.002081078
A6: 41648 | B6: =FB!H7 -> -0.017344994 | C6: =AMZN!H7 -> -0.0022641396 | D6: =AAPL!H7 -> -0.012770323 | E6: =NFLX!H7 -> -0.011554527 | F6: =GOOG!H7 -> -0.0096299723
A7: 41649 | B7: =FB!H8 -> 0.012582978 | C7: =AMZN!H8 -> -0.0083539211 | D7: =AAPL!H8 -> -0.0066727177 | E7: =NFLX!H8 -> -0.014567642 | F7: =GOOG!H8 -> -5.3121642e-05
A8: 41652 | B8: =FB!H9 -> -0.035036228 | C8: =AMZN!H9 -> -0.016798252 | D8: =AAPL!H9 -> 0.0052349768 | E8: =NFLX!H9 -> 0.014060382 | F8: =GOOG!H9 -> -0.0063706496
A9: 41653 | B9: =FB!H10 -> 0.032731211 | C9: =AMZN!H10 -> 0.016778346 | D9: =AAPL!H10 -> 0.019898367 | E9: =NFLX!H10 -> 0.0034143523 | F9: =GOOG!H10 -> 0.02352675
A10: 41654 | B10: =FB!H11 -> -0.0024247315 | C10: =AMZN!H11 -> -0.0042008703 | D10: =AAPL!H11 -> 0.020077276 | E10: =NFLX!H11 -> -0.022428646 | F10: =GOOG!H11 -> -0.000678626
A11: 41655 | B11: =FB!H12 -> -0.0071180384 | C11: =AMZN!H12 -> -0.00017684341 | D11: =AAPL!H12 -> -0.0055798853 | E11: =NFLX!H12 -> 0.0039348567 | F11: =GOOG!H12 -> 0.0066165605
A12: 41656 | B12: =FB!H13 -> -0.015562161 | C12: =AMZN!H13 -> 0.0096260665 | D12: =AAPL!H13 -> -0.024501894 | E12: =NFLX!H13 -> -0.0049445519 | F12: =GOOG!H13 -> -0.0049211654
A13: 41660 | B13: =FB!H14 -> 0.039253979 | C13: =AMZN!H14 -> 0.018618161 | D13: =AAPL!H14 -> 0.015536346 | E13: =NFLX!H14 -> -0.0040297934 | F13: =GOOG!H14 -> 0.011446925
... A1509: 43829 | B1509: =FB!H1510 -> -0.017731869 | C1509: =AMZN!H1510 -> -0.012252665 | D1509: =AAPL!H1510 -> 0.0059351588 | E1509: =NFLX!H1510 -> -0.017563579 | F1509: =GOOG!H1510 -> -0.011650356

Sheet Sheet7
A1: Date | B1: FB | C1: AMZN | D1: AAPL | E1: NFLX | F1: GOOG | I1: FB | J1: AMZN | K1: AAPL | L1: NFLX | M1: GOOG
A2: 41641 | B2: 1000 | C2: 1000 | D2: 1000 | E2: 1000 | F2: 1000 | H2: FB | I2: 1
A3: 41642 | B3: =B2*(Analysis!B2 + 1) -> 997.25831 | C3: =C2*(Analysis!C2 + 1) -> 996.15549 | D3: =D2*(Analysis!D2 + 1) -> 978.03417 | E3: =E2*(Analysis!E2 + 1) -> 1000.7717 | F3: =F2*(Analysis!F2 + 1) -> 992.70515 | H3: AMZN | I3: 0.90910367 | J3: 1
A4: 41645 | B4: =B3*(Analysis!B3 + 1) -> 1045.5127 | C4: =C3*(Analysis!C3 + 1) -> 989.09467 | D4: =D3*(Analysis!D3 + 1) -> 983.3675 | E4: =E3*(Analysis!E3 + 1) -> 991.04237 | F4: =F3*(Analysis!F3 + 1) -> 1003.7732 | H4: AAPL | I4: 0.87181384 | J4: 0.91629792 | K4: 1
A5: 41646 | B5: =B4*(Analysis!B4 + 1) -> 1058.673 | C5: =C4*(Analysis!C4 + 1) -> 1000.1508 | D5: =D4*(Analysis!D4 + 1) -> 976.33471 | E5: =E4*(Analysis!E4 + 1) -> 935.7257 | F5: =F4*(Analysis!F4 + 1) -> 1023.1241 | H5: NFLX | I5: 0.87362865 | J5: 0.97534676 | K5: 0.88489923 | L5: 1
A6: 41647 | B6: =B5*(Analysis!B5 + 1) -> 1064.3393 | C6: =C5*(Analysis!C5 + 1) -> 1009.9254 | D6: =D5*(Analysis!D5 + 1) -> 982.51815 | E6: =E5*(Analysis!E5 + 1) -> 939.83239 | F6: =F5*(Analysis!F5 + 1) -> 1025.2533 | H6: GOOG | I6: 0.95398501 | J6: 0.96812239 | K6: 0.91857379 | L6: 0.9308466 | M6: 1
A7: 41648 | B7: =B6*(Analysis!B6 + 1) -> 1045.8783 | C7: =C6*(Analysis!C6 + 1) -> 1007.6388 | D7: =D6*(Analysis!D6 + 1) -> 969.97108 | E7: =E6*(Analysis!E6 + 1) -> 928.97308 | F7: =F6*(Analysis!F6 + 1) -> 1015.3802
A8: 41649 | B8: =B7*(Analysis!B7 + 1) -> 1059.0386 | C8: =C7*(Analysis!C7 + 1) -> 999.22105 | D8: =D7*(Analysis!D7 + 1) -> 963.49874 | E8: =E7*(Analysis!E7 + 1) -> 915.44013 | F8: =F7*(Analysis!F7 + 1) -> 1015.3262
A9: 41652 | B9: =B8*(Analysis!B8 + 1) -> 1021.9339 | C9: =C8*(Analysis!C8 + 1) -> 982.43589 | D9: =D8*(Analysis!D8 + 1) -> 968.54263 | E9: =E8*(Analysis!E8 + 1) -> 928.31157 | F9: =F8*(Analysis!F8 + 1) -> 1008.8579
A10: 41653 | B10: =B9*(Analysis!B9 + 1) -> 1055.383 | C10: =C9*(Analysis!C9 + 1) -> 998.91954 | D10: =D9*(Analysis!D9 + 1) -> 987.81505 | E10: =E9*(Analysis!E9 + 1) -> 931.48115 | F10: =F9*(Analysis!F9 + 1) -> 1032.5931
A11: 41654 | B11: =B10*(Analysis!B10 + 1) -> 1052.824 | C11: =C10*(Analysis!C10 + 1) -> 994.72321 | D11: =D10*(Analysis!D10 + 1) -> 1007.6477 | E11: =E10*(Analysis!E10 + 1) -> 910.58929 | F11: =F10*(Analysis!F10 + 1) -> 1031.8923
A12: 41655 | B12: =B11*(Analysis!B11 + 1) -> 1045.3299 | C12: =C11*(Analysis!C11 + 1) -> 994.54729 | D12: =D11*(Analysis!D11 + 1) -> 1002.0251 | E12: =E11*(Analysis!E11 + 1) -> 914.17233 | F12: =F11*(Analysis!F11 + 1) -> 1038.7199
A13: 41656 | B13: =B12*(Analysis!B12 + 1) -> 1029.0623 | C13: =C12*(Analysis!C12 + 1) -> 1004.1209 | D13: =D12*(Analysis!D12 + 1) -> 977.47361 | E13: =E12*(Analysis!E12 + 1) -> 909.65215 | F13: =F12*(Analysis!F12 + 1) -> 1033.6082
A14: 41660 | B14: =B13*(Analysis!B13 + 1) -> 1069.4571 | C14: =C13*(Analysis!C13 + 1) -> 1022.8158 | D14: =D13*(Analysis!D13 + 1) -> 992.65998 | E14: =E13*(Analysis!E13 + 1) -> 905.98644 | F14: =F13*(Analysis!F13 + 1) -> 1045.4398
A15: 41661 | B15: =B14*(Analysis!B14 + 1) -> 1051.1789 | C15: =C14*(Analysis!C14 + 1) -> 1016.5088 | D15: =D14*(Analysis!D14 + 1) -> 997.07138 | E15: =E14*(Analysis!E14 + 1) -> 919.82247 | F15: =F14*(Analysis!F14 + 1) -> 1046.6257
A16: 41662 | B16: =B15*(Analysis!B15 + 1) -> 1035.0942 | C16: =C15*(Analysis!C15 + 1) -> 1004.7742 | D16: =D15*(Analysis!D15 + 1) -> 1005.5142 | E16: =E15*(Analysis!E15 + 1) -> 1071.3853 | F16: =F15*(Analysis!F15 + 1) -> 1042.2057
A17: 41663 | B17: =B16*(Analysis!B16 + 1) -> 995.24771 | C17: =C16*(Analysis!C16 + 1) -> 973.94277 | D17: =D16*(Analysis!D16 + 1) -> 987.23627 | E17: =E16*(Analysis!E16 + 1) -> 1064.1089 | F17: =F16*(Analysis!F16 + 1) -> 1009.6215
A18: 41666 | B18: =B17*(Analysis!B17 + 1) -> 978.79729 | C18: =C17*(Analysis!C17 + 1) -> 970.62592 | D18: =D17*(Analysis!D17 + 1) -> 995.24543 | E18: =E17*(Analysis!E17 + 1) -> 1050.7414 | F18: =F17*(Analysis!F17 + 1) -> 989.31822
... A1510: 43829 | B1510: =B1509*(Analysis!B1509 + 1) -> 3736.2458 | C1510: =C1509*(Analysis!C1509 + 1) -> 4640.777 | D1510: =D1509*(Analysis!D1509 + 1) -> 4099.7253 | E1510: =E1509*(Analysis!E1509 + 1) -> 6237.7211 | F1510: =F1509*(Analysis!F1509 + 1) -> 2409.7099
